cell types,first re-annotation,the first re-annotation
MLO,UNC,UNC
MLO,MLO,MLO
MLO,MLO,MLO
MLO,MLO,MLO
MLO,MLO,MLO
MLO,MLO,MLO
MLO,MLO,MLO
MLO,MLO,MLO
MLO,MLO,MLO
MLO,MLO,LLO
MLO,MLO,UNC
MLO,MLO,MLO
MLO,MLO,MLO
MLO,MLO,MLO
MLO,MLO,UNC
MLO,MLO,MLO
MLO,MLO,MLO
MLO,MLO,MLO
MLO,MLO,MLO
MLO,MLO,MLO
MLO,MLO,MLO
MLO,MLO,MLO
MLO,MLO,MLO
MLO,MLO,MLO
MLO,MLO,MLO
MLO,MLO,MLO
MLO,MLO,MLO
MLO,MLO,MLO
MLO,MLO,MLO
MLO,MLO,MLO
MLO,MLO,MLO
MLO,MLO,MLO
MLO,MLO,MLO
MLO,MLO,MLO
MLO,MLO,MLO
MLO,MLO,MLO
MLO,MLO,MLO
MLO,MLO,MLO
MLO,MLO,MLO
MLO,MLO,MLO
MLO,MLO,MLO
MLO,MLO,MLO
MLO,MLO,MLO
MLO,MLO,MLO
MLO,MLO,MLO
MLO,MLO,MLO
MLO,MLO,MLO
MLO,MLO,MLO
MLO,MLO,MLO
MLO,MLO,MLO
MLO,MLO,MLO
MLO,MLO,MLO
MLO,LLO,LLO
MLO,LLO,LLO
MLO,LLO,MLO
MLO,LLO,MLO
MLO,MLO,UNC
MLO,LLO,LLO
MLO,MLO,MLO
MLO,MLO,MLO
MLO,MLO,UNC
MLO,MLO,MLO
MLO,LLO,MLO
MLO,LLO,MLO
MLO,MLO,MLO
MLO,MLO,MLO
MLO,MLO,MLO
MLO,MLO,MLO
MLO,MLO,MLO
MLO,MLO,MLO
MLO,MLO,MLO
MLO,MLO,MLO
MLO,MLO,MLO
MLO,MLO,MLO
MLO,MLO,MLO
MLO,MLO,MLO
MLO,MLO,MLO
MLO,MLO,MLO
MLO,MLO,MLO
MLO,MLO,MLO
MLO,MLO,MLO
MLO,MLO,MLO
MLO,MLO,MLO
MLO,MLO,MLO
MLO,MLO,MLO
MLO,LLO,MLO
MLO,UNC,MLO
MLO,MLO,MLO
MLO,LLO,MLO
MLO,MLO,UNC
MLO,LLO,UNC
MLO,LLO,MLO
MLO,MLO,MLO
MLO,MLO,MLO
MLO,MLO,MLO
MLO,MLO,MLO
MLO,MLO,MLO
MLO,LLO,MLO
MLO,MLO,MLO
MLO,MLO,MLO
MLO,MLO,UNC
MLO,MLO,MLO
MLO,MLO,MLO
MLO,MLO,MLO
MLO,MLO,MLO
MLO,LLO,MLO
MLO,MLO,UNC
MLO,MLO,LLO
MLO,MLO,UNC
MLO,MLO,MLO
MLO,MLO,MLO
MLO,MLO,MLO
MLO,UNC,UNC
MLO,MLO,MLO
MLO,MLO,MLO
MLO,UNC,UNC
MLO,MLO,MLO
MLO,UNC,MLO
MLO,MLO,MLO
MLO,MLO,MLO
MLO,MLO,MLO
MLO,MLO,MLO
MLO,MLO,MLO
MLO,MLO,MLO
MLO,MLO,MLO
MLO,MLO,MLO
MLO,MLO,MLO
MLO,UNC,UNC
MLO,MLO,UNC
MLO,MLO,MLO
MLO,MLO,MLO
MLO,MLO,MLO
MLO,MLO,MLO
MLO,MLO,MLO
MLO,MLO,MLO
MLO,UNC,UNC
MLO,MLO,MLO
MLO,MLO,MLO
MLO,LLO,MLO
MLO,MLO,MLO
MLO,MLO,MLO
MLO,MLO,MLO
MLO,MLO,MLO
MLO,MLO,MLO
MLO,MLO,UNC
MLO,LLO,LLO
MLO,MLO,MLO
MLO,MLO,MLO
MLO,MLO,MLO
MLO,MLO,MLO
MLO,MLO,MLO
MLO,MLO,MLO
MLO,MLO,MLO
MLO,UNC,MLO
MLO,MLO,MLO
MLO,MLO,MLO
MLO,MLO,MLO
MLO,MLO,MLO
MLO,MLO,MLO
MLO,LLO,LLO
MLO,MLO,UNC
MLO,MLO,MLO
MLO,MLO,MLO
MLO,MLO,UNC
MLO,MLO,MLO
MLO,MLO,UNC
MLO,MLO,MLO
MLO,MLO,MLO
MLO,MLO,MLO
MLO,MLO,MLO
MLO,LLO,LLO
MLO,MLO,MLO
MLO,MLO,MLO
MLO,MLO,MLO
MLO,MLO,UNC
MLO,MLO,MLO
MLO,UNC,UNC
MLO,MLO,MLO
MLO,MLO,MLO
MLO,MLO,MLO
MLO,MLO,MLO
MLO,MLO,MLO
MLO,MLO,MLO
MLO,MLO,MLO
MLO,MLO,MLO
MLO,MLO,UNC
MLO,MLO,MLO
MLO,LLO,LLO
MLO,UNC,UNC
MLO,MLO,MLO
MLO,MLO,MLO
MLO,LLO,UNC
MLO,MLO,MLO
MLO,UNC,UNC
MLO,LLO,MLO
MLO,MLO,MLO
MLO,MLO,MLO
MLO,MLO,MLO
MLO,MLO,MLO
MLO,MLO,MLO
MLO,MLO,MLO
MLO,LLO,LLO
MLO,UNC,UNC
MLO,LLO,LLO
MLO,MLO,MLO
MLO,MLO,MLO
MLO,MLO,MLO
MLO,LLO,MLO
MLO,UNC,UNC
MLO,UNC,UNC
MLO,MLO,UNC
MLO,MLO,MLO
MLO,MLO,MLO
MLO,MLO,MLO
MLO,MLO,MLO
MLO,MLO,MLO
MLO,LLO,UNC
MLO,MLO,MLO
MLO,MLO,MLO
MLO,LLO,LLO
MLO,MLO,MLO
MLO,LLO,MLO
MLO,MLO,MLO
MLO,MLO,MLO
MLO,MLO,MLO
MLO,MLO,MLO
MLO,MLO,MLO
MLO,UNC,UNC
MLO,MLO,MLO
MLO,MLO,MLO
MLO,MLO,MLO
MLO,MLO,MLO
MLO,MLO,MLO
MLO,MLO,MLO
MLO,MLO,MLO
MLO,MLO,MLO
MLO,LLO,LLO
MLO,MLO,MLO
MLO,MLO,MLO
MLO,MLO,MLO
MLO,MLO,MLO
MLO,MLO,MLO
MLO,MLO,MLO
MLO,MLO,MLO
MLO,MLO,MLO
MLO,MLO,MLO
MLO,MLO,MLO
MLO,MLO,MLO
MLO,MLO,MLO
MLO,MLO,UNC
MLO,UNC,UNC
MLO,UNC,UNC
MLO,MLO,MLO
MLO,MLO,MLO
MLO,LLO,MLO
MLO,MLO,UNC
MLO,MLO,MLO
MLO,MLO,MLO
MLO,MLO,MLO
MLO,MLO,MLO
MLO,MLO,MLO
MLO,MLO,MLO
MLO,LLO,MLO
MLO,MLO,LLO
MLO,MLO,MLO
MLO,MLO,MLO
MLO,UNC,MLO
MLO,MLO,MLO
MLO,MLO,MLO
MLO,MLO,MLO
MLO,MLO,MLO
MLO,MLO,MLO
MLO,MLO,MLO
MLO,MLO,MLO
MLO,LLO,LLO
MLO,MLO,MLO
MLO,LLO,UNC
MLO,MLO,MLO
MLO,MLO,MLO
MLO,MLO,MLO
MLO,MLO,MLO
MLO,MLO,MLO
MLO,UNC,UNC
MLO,MLO,MLO
MLO,MLO,MLO
MLO,LLO,MLO
MLO,MLO,MLO
MLO,MLO,MLO
MLO,MLO,MLO
MLO,MLO,MLO
MLO,MLO,MLO
MLO,MLO,MLO
MLO,MLO,MLO
MLO,MLO,MLO
MLO,MLO,MLO
MLO,MLO,MLO
MLO,MLO,MLO
MLO,MLO,MLO
MLO,MLO,MLO
MLO,MLO,MLO
MLO,MLO,MLO
MLO,MLO,MLO
MLO,MLO,MLO
MLO,LLO,MLO
MLO,MLO,MLO
MLO,MLO,MLO
MLO,MLO,MLO
MLO,MLO,MLO
MLO,LLO,MLO
MLO,MLO,MLO
MLO,MLO,MLO
MLO,MLO,MLO
MLO,MLO,MLO
MLO,MLO,MLO
MLO,MLO,MLO
MLO,MLO,MLO
MLO,MLO,MLO
MLO,LLO,MLO
MLO,MLO,MLO
MLO,LLO,LLO
MLO,MLO,MLO
MLO,MLO,MLO
MLO,MLO,MLO
MLO,MLO,MLO
MLO,MLO,MLO
MLO,MLO,UNC
MLO,MLO,MLO
MLO,MLO,MLO
MLO,LLO,MLO
MLO,MLO,MLO
MLO,MLO,MLO
MLO,MLO,MLO
MLO,MLO,MLO
MLO,MLO,MLO
MLO,MLO,MLO
MLO,UNC,UNC
MLO,MLO,MLO
MLO,MLO,MLO
MLO,MLO,MLO
MLO,MLO,MLO
MLO,MLO,MLO
MLO,MLO,MLO
MLO,MLO,MLO
MLO,MLO,MLO
MLO,MLO,MLO
MLO,MLO,MLO
MLO,LLO,MLO
MLO,MLO,MLO
MLO,MLO,MLO
MLO,MLO,MLO
MLO,LLO,MLO
MLO,MLO,MLO
MLO,LLO,UNC
MLO,MLO,MLO
MLO,MLO,MLO
MLO,MLO,UNC
MLO,MLO,MLO
MLO,MLO,MLO
MLO,MLO,MLO
MLO,LLO,LLO
MLO,MLO,UNC
MLO,MLO,MLO
MLO,MLO,MLO
MLO,MLO,MLO
MLO,MLO,MLO
MLO,MLO,MLO
MLO,MLO,MLO
MLO,MLO,MLO
MLO,MLO,MLO
MLO,MLO,MLO
MLO,MLO,MLO
MLO,MLO,MLO
MLO,MLO,MLO
MLO,MLO,MLO
MLO,LLO,LLO
MLO,MLO,MLO
MLO,MLO,MLO
MLO,MLO,MLO
MLO,MLO,MLO
MLO,MLO,MLO
MLO,MLO,MLO
MLO,MLO,MLO
MLO,MLO,UNC
MLO,MLO,MLO
MLO,MLO,MLO
MLO,MLO,MLO
MLO,MLO,MLO
MLO,MLO,MLO
MLO,LLO,MLO
MLO,MLO,MLO
MLO,MLO,MLO
MLO,MLO,MLO
MLO,MLO,MLO
MLO,LLO,LLO
MLO,MLO,MLO
MLO,MLO,MLO
MLO,MLO,UNC
MLO,LLO,MLO
MLO,MLO,MLO
MLO,MLO,MLO
MLO,MLO,MLO
MLO,MLO,MLO
MLO,MLO,MLO
MLO,MLO,MLO
MLO,MLO,UNC
MLO,MLO,MLO
MLO,MLO,MLO
MLO,MLO,MLO
MLO,MLO,MLO
MLO,MLO,MLO
MLO,MLO,MLO
MLO,MLO,MLO
MLO,MLO,MLO
MLO,MLO,MLO
MLO,MLO,MLO
MLO,MLO,MLO
MLO,MLO,MLO
MLO,MLO,MLO
MLO,MLO,MLO
MLO,MLO,MLO
MLO,MLO,UNC
MLO,LLO,MLO
MLO,MLO,MLO
MLO,MLO,MLO
MLO,MLO,MLO
MLO,MLO,MLO
MLO,MLO,MLO
MLO,MLO,MLO
MLO,MLO,UNC
MLO,MLO,MLO
MLO,MLO,MLO
MLO,MLO,MLO
MLO,LLO,LLO
MLO,MLO,MLO
MLO,UNC,MLO
MLO,MLO,MLO
MLO,MLO,MLO
MLO,MLO,MLO
MLO,MLO,LLO
MLO,LLO,MLO
MLO,LLO,LLO
MLO,MLO,MLO
MLO,LLO,MLO
MLO,MLO,LLO
MLO,MLO,MLO
MLO,MLO,MLO
MLO,UNC,UNC
MLO,MLO,MLO
MLO,MLO,MLO
MLO,MLO,UNC
MLO,MLO,MLO
MLO,MLO,MLO
MLO,UNC,MLO
MLO,MLO,MLO
MLO,MLO,MLO
MLO,LLO,LLO
MLO,MLO,MLO
MLO,MLO,MLO
MLO,MLO,MLO
MLO,LLO,MLO
MLO,MLO,MLO
MLO,MLO,MLO
MLO,MLO,MLO
MLO,MLO,LLO
MLO,LLO,LLO
MLO,LLO,MLO
MLO,MLO,LLO
MLO,LLO,MLO
MLO,MLO,UNC
MLO,MLO,MLO
MLO,LLO,MLO
MLO,MLO,MLO
MLO,MLO,UNC
MLO,MLO,UNC
MLO,MLO,MLO
MLO,LLO,LLO
MLO,MLO,MLO
MLO,LLO,UNC
MLO,MLO,MLO
MLO,MLO,MLO
MLO,UNC,UNC
MLO,MLO,MLO
MLO,MLO,MLO
MLO,LLO,MLO
MLO,MLO,LLO
MLO,MLO,MLO
MLO,LLO,UNC
MLO,MLO,MLO
MLO,MLO,MLO
MLO,LLO,UNC
MLO,MLO,UNC
MLO,MLO,MLO
MLO,MLO,MLO
MLO,MLO,MLO
MLO,MLO,MLO
MLO,MLO,MLO
MLO,MLO,MLO
MLO,MLO,MLO
MLO,MLO,MLO
MLO,MLO,MLO
MLO,MLO,MLO
MLO,MLO,UNC
MLO,MLO,MLO
MLO,MLO,UNC
MLO,LLO,UNC
MLO,MLO,MLO
MLO,MLO,UNC
MLO,MLO,MLO
MLO,MLO,MLO
MLO,MLO,MLO
MLO,LLO,UNC
MLO,LLO,MLO
MLO,MLO,UNC
MLO,LLO,UNC
MLO,MLO,MLO
MLO,LLO,UNC
MLO,MLO,LLO
MLO,MLO,MLO
MLO,MLO,MLO
MLO,MLO,MLO
MLO,MLO,MLO
MLO,MLO,MLO
MLO,MLO,UNC
MLO,MLO,MLO
MLO,UNC,MLO
MLO,LLO,UNC
MLO,MLO,MLO
MLO,MLO,UNC
MLO,LLO,LLO
MLO,MLO,MLO
MLO,MLO,MLO
MLO,MLO,MLO
MLO,MLO,MLO
MLO,MLO,MLO
MLO,MLO,MLO
MLO,MLO,UNC
MLO,LLO,MLO
MLO,MLO,MLO
MLO,LLO,LLO
MLO,LLO,LLO
MLO,MLO,MLO
MLO,MLO,MLO
MLO,MLO,MLO
MLO,LLO,MLO
MLO,MLO,MLO
MLO,MLO,MLO
MLO,LLO,UNC
MLO,LLO,MLO
MLO,MLO,MLO
MLO,MLO,MLO
MLO,MLO,UNC
MLO,MLO,MLO
MLO,UNC,UNC
MLO,MLO,MLO
MLO,LLO,MLO
MLO,MLO,MLO
MLO,MLO,MLO
MLO,MLO,MLO
MLO,LLO,MLO
MLO,MLO,UNC
MLO,LLO,LLO
MLO,MLO,MLO
MLO,LLO,MLO
MLO,MLO,MLO
MLO,MLO,MLO
MLO,LLO,MLO
MLO,MLO,MLO
MLO,MLO,MLO
MLO,MLO,MLO
MLO,MLO,MLO
MLO,MLO,MLO
MLO,LLO,LLO
MLO,MLO,MLO
MLO,MLO,UNC
MLO,LLO,LLO
MLO,MLO,MLO
MLO,LLO,MLO
MLO,MLO,MLO
MLO,MLO,MLO
MLO,MLO,MLO
MLO,MLO,MLO
MLO,MLO,MLO
MLO,MLO,MLO
MLO,MLO,MLO
MLO,MLO,UNC
MLO,MLO,UNC
MLO,MLO,MLO
MLO,MLO,MLO
MLO,MLO,UNC
MLO,MLO,MLO
MLO,MLO,UNC
MLO,LLO,MLO
MLO,MLO,MLO
MLO,MLO,MLO
MLO,MLO,MLO
MLO,MLO,MLO
MLO,UNC,UNC
MLO,MLO,MLO
MLO,UNC,UNC
MLO,MLO,MLO
MLO,MLO,MLO
MLO,LLO,MLO
MLO,MLO,MLO
MLO,LLO,LLO
MLO,MLO,MLO
MLO,MLO,MLO
MLO,MLO,MLO
MLO,MLO,MLO
MLO,MLO,MLO
MLO,MLO,MLO
MLO,MLO,MLO
MLO,LLO,LLO
MLO,MLO,MLO
MLO,MLO,LLO
MLO,LLO,LLO
MLO,UNC,UNC
MLO,MLO,MLO
MLO,MLO,MLO
MLO,MLO,MLO
MLO,MLO,MLO
MLO,MLO,MLO
MLO,MLO,MLO
MLO,LLO,MLO
MLO,MLO,MLO
MLO,MLO,UNC
MLO,MLO,MLO
MLO,MLO,MLO
MLO,LLO,LLO
MLO,MLO,UNC
MLO,MLO,MLO
MLO,MLO,MLO
MLO,MLO,MLO
MLO,MLO,MLO
MLO,MLO,MLO
MLO,LLO,LLO
MLO,MLO,LLO
MLO,MLO,MLO
MLO,MLO,MLO
MLO,LLO,LLO
MLO,MLO,MLO
MLO,LLO,UNC
MLO,MLO,MLO
MLO,MLO,MLO
MLO,MLO,MLO
MLO,MLO,MLO
MLO,LLO,LLO
MLO,UNC,UNC
MLO,MLO,MLO
MLO,LLO,MLO
MLO,MLO,MLO
MLO,MLO,MLO
MLO,MLO,UNC
MLO,MLO,MLO
MLO,MLO,MLO
MLO,MLO,MLO
MLO,MLO,MLO
MLO,MLO,MLO
MLO,MLO,MLO
MLO,MLO,MLO
MLO,MLO,MLO
MLO,LLO,LLO
MLO,LLO,UNC
MLO,MLO,MLO
MLO,MLO,MLO
MLO,MLO,MLO
MLO,MLO,MLO
MLO,MLO,MLO
MLO,MLO,MLO
MLO,MLO,MLO
MLO,MLO,UNC
MLO,LLO,MLO
MLO,MLO,MLO
MLO,MLO,UNC
MLO,MLO,MLO
MLO,MLO,MLO
MLO,MLO,MLO
MLO,MLO,MLO
MLO,MLO,MLO
MLO,MLO,MLO
MLO,MLO,MLO
MLO,MLO,MLO
MLO,UNC,UNC
MLO,MLO,MLO
MLO,MLO,UNC
MLO,MLO,MLO
MLO,MLO,MLO
MLO,MLO,MLO
MLO,MLO,UNC
MLO,MLO,MLO
MLO,MLO,MLO
MLO,MLO,MLO
MLO,MLO,MLO
MLO,MLO,MLO
MLO,MLO,MLO
MLO,MLO,MLO
MLO,MLO,MLO
MLO,MLO,MLO
MLO,MLO,MLO
MLO,MLO,MLO
MLO,MLO,MLO
MLO,UNC,UNC
MLO,MLO,MLO
MLO,MLO,MLO
MLO,LLO,LLO
MLO,MLO,MLO
MLO,MLO,MLO
MLO,MLO,MLO
MLO,MLO,MLO
MLO,MLO,MLO
MLO,MLO,MLO
MLO,MLO,MLO
MLO,MLO,MLO
MLO,MLO,MLO
MLO,LLO,MLO
MLO,MLO,MLO
MLO,MLO,MLO
MLO,MLO,MLO
MLO,MLO,MLO
MLO,MLO,MLO
MLO,MLO,MLO
MLO,MLO,MLO
MLO,MLO,MLO
MLO,MLO,MLO
MLO,MLO,MLO
MLO,MLO,MLO
MLO,MLO,MLO
MLO,MLO,MLO
MLO,MLO,MLO
MLO,MLO,MLO
MLO,MLO,MLO
MLO,MLO,MLO
MLO,MLO,MLO
MLO,MLO,MLO
MLO,MLO,MLO
MLO,MLO,MLO
MLO,MLO,MLO
MLO,MLO,MLO
MLO,MLO,MLO
MLO,MLO,MLO
MLO,MLO,MLO
MLO,MLO,MLO
MLO,MLO,MLO
MLO,MLO,MLO
MLO,MLO,MLO
MLO,MLO,MLO
MLO,MLO,MLO
MLO,MLO,MLO
MLO,MLO,MLO
MLO,MLO,MLO
MLO,LLO,MLO
MLO,MLO,MLO
MLO,MLO,MLO
MLO,MLO,UNC
MLO,MLO,MLO
MLO,MLO,MLO
MLO,MLO,MLO
MLO,MLO,MLO
MLO,MLO,MLO
MLO,MLO,MLO
MLO,LLO,UNC
MLO,MLO,MLO
MLO,MLO,MLO
MLO,UNC,UNC
MLO,MLO,UNC
MLO,MLO,MLO
MLO,MLO,MLO
MLO,MLO,MLO
MLO,MLO,MLO
MLO,MLO,MLO
MLO,MLO,MLO
MLO,MLO,MLO
MLO,MLO,MLO
MLO,MLO,MLO
MLO,MLO,MLO
MLO,MLO,MLO
MLO,MLO,MLO
MLO,MLO,MLO
MLO,MLO,UNC
MLO,MLO,MLO
MLO,MLO,MLO
MLO,MLO,MLO
MLO,MLO,MLO
MLO,MLO,MLO
MLO,MLO,MLO
MLO,MLO,MLO
MLO,MLO,MLO
MLO,MLO,UNC
MLO,MLO,MLO
MLO,MLO,MLO
MLO,MLO,MLO
MLO,MLO,MLO
MLO,MLO,MLO
MLO,MLO,MLO
MLO,MLO,MLO
MLO,MLO,MLO
MLO,MLO,MLO
MLO,UNC,UNC
MLO,MLO,MLO
MLO,MLO,MLO
MLO,MLO,MLO
MLO,MLO,MLO
MLO,MLO,MLO
MLO,MLO,MLO
MLO,MLO,MLO
MLO,MLO,MLO
MLO,MLO,MLO
MLO,MLO,MLO
MLO,MLO,MLO
MLO,MLO,MLO
MLO,MLO,MLO
MLO,MLO,MLO
MLO,MLO,MLO
MLO,MLO,UNC
MLO,MLO,MLO
MLO,MLO,MLO
MLO,MLO,MLO
MLO,MLO,MLO
MLO,MLO,MLO
MLO,MLO,MLO
MLO,MLO,MLO
MLO,MLO,UNC
MLO,MLO,MLO
MLO,MLO,MLO
MLO,LLO,MLO
MLO,MLO,UNC
MLO,MLO,MLO
MLO,MLO,MLO
MLO,MLO,MLO
MLO,MLO,MLO
MLO,MLO,MLO
MLO,MLO,UNC
MLO,MLO,MLO
MLO,MLO,MLO
MLO,MLO,MLO
MLO,MLO,MLO
MLO,MLO,MLO
MLO,MLO,MLO
MLO,MLO,MLO
MLO,MLO,MLO
MLO,MLO,MLO
MLO,MLO,UNC
MLO,MLO,MLO
MLO,MLO,MLO
MLO,MLO,MLO
MLO,MLO,MLO
MLO,MLO,MLO
MLO,MLO,MLO
MLO,MLO,MLO
MLO,MLO,MLO
MLO,MLO,UNC
MLO,MLO,MLO
MLO,MLO,MLO
MLO,MLO,MLO
MLO,MLO,MLO
MLO,MLO,MLO
MLO,MLO,MLO
MLO,MLO,MLO
MLO,MLO,MLO
MLO,MLO,UNC
MLO,MLO,MLO
MLO,MLO,MLO
MLO,MLO,MLO
MLO,MLO,MLO
MLO,MLO,MLO
MLO,MLO,MLO
MLO,MLO,MLO
MLO,MLO,MLO
MLO,MLO,MLO
MLO,MLO,MLO
MLO,MLO,MLO
MLO,MLO,MLO
MLO,MLO,MLO
MLO,MLO,MLO
MLO,MLO,MLO
MLO,MLO,MLO
MLO,MLO,MLO
MLO,MLO,MLO
MLO,MLO,MLO
MLO,MLO,MLO
MLO,MLO,MLO
MLO,MLO,MLO
MLO,MLO,MLO
MLO,MLO,MLO
MLO,MLO,MLO
MLO,UNC,MLO
MLO,MLO,MLO
MLO,MLO,MLO
MLO,MLO,MLO
MLO,MLO,MLO
MLO,MLO,MLO
MLO,MLO,MLO
MLO,MLO,MLO
MLO,MLO,MLO
MLO,MLO,MLO
MLO,MLO,MLO
MLO,MLO,MLO
MLO,MLO,MLO
MLO,MLO,MLO
MLO,MLO,MLO
MLO,MLO,MLO
MLO,MLO,MLO
MLO,MLO,MLO
MLO,MLO,MLO
MLO,MLO,MLO
MLO,MLO,MLO
MLO,MLO,MLO
MLO,MLO,MLO
MLO,MLO,MLO
MLO,MLO,MLO
MLO,MLO,MLO
MLO,MLO,UNC
MLO,MLO,MLO
MLO,MLO,MLO
MLO,MLO,MLO
MLO,MLO,UNC
MLO,MLO,MLO
MLO,MLO,MLO
MLO,MLO,MLO
MLO,MLO,MLO
MLO,MLO,MLO
MLO,UNC,UNC
MLO,MLO,MLO
MLO,MLO,MLO
MLO,MLO,MLO
MLO,MLO,MLO
MLO,MLO,MLO
MLO,MLO,MLO
MLO,MLO,MLO
MLO,MLO,MLO
MLO,MLO,UNC
MLO,MLO,MLO
MLO,UNC,UNC
MLO,MLO,MLO
MLO,MLO,MLO
MLO,MLO,MLO
MLO,MLO,MLO
MLO,MLO,MLO
MLO,MLO,MLO
MLO,MLO,MLO
MLO,MLO,MLO
MLO,MLO,MLO
MLO,MLO,MLO
MLO,MLO,MLO
MLO,MLO,MLO
MLO,MLO,MLO
MLO,MLO,MLO
MLO,MLO,MLO
MLO,MLO,MLO
MLO,MLO,MLO
MLO,MLO,MLO
MLO,MLO,MLO
MLO,UNC,UNC
MLO,MLO,MLO
MLO,MLO,MLO
MLO,MLO,MLO
MLO,MLO,MLO
MLO,MLO,MLO
MLO,MLO,MLO
MLO,MLO,MLO
MLO,MLO,MLO
MLO,MLO,MLO
MLO,MLO,MLO
MLO,MLO,MLO
MLO,MLO,MLO
MLO,MLO,MLO
MLO,MLO,MLO
MLO,MLO,MLO
MLO,MLO,MLO
MLO,MLO,MLO
MLO,MLO,MLO
MLO,MLO,MLO
MLO,MLO,MLO
MLO,UNC,MLO
MLO,MLO,UNC
MLO,MLO,MLO
MLO,MLO,MLO
MLO,MLO,MLO
MLO,MLO,MLO
MLO,MLO,MLO
MLO,MLO,MLO
MLO,MLO,MLO
MLO,MLO,MLO
MLO,MLO,MLO
MLO,MLO,MLO
MLO,MLO,MLO
MLO,MLO,MLO
MLO,MLO,MLO
MLO,MLO,MLO
MLO,MLO,MLO
MLO,MLO,MLO
MLO,MLO,MLO
MLO,MLO,MLO
MLO,MLO,MLO
MLO,MLO,MLO
MLO,MLO,MLO
MLO,MLO,MLO
MLO,MLO,MLO
MLO,MLO,MLO
MLO,MLO,MLO
MLO,MLO,MLO
MLO,MLO,MLO
MLO,MLO,MLO
MLO,MLO,MLO
MLO,MLO,MLO
MLO,MLO,MLO
MLO,MLO,MLO
MLO,MLO,MLO
MLO,MLO,MLO
MLO,MLO,MLO
MLO,MLO,MLO
MLO,MLO,MLO
MLO,MLO,MLO
MLO,MLO,MLO
MLO,MLO,MLO
MLO,MLO,MLO
MLO,MLO,MLO
MLO,MLO,MLO
MLO,MLO,MLO
MLO,MLO,MLO
MLO,MLO,UNC
MLO,MLO,MLO
MLO,MLO,UNC
MLO,MLO,MLO
MLO,MLO,MLO
MLO,MLO,MLO
MLO,MLO,MLO
MLO,MLO,MLO
MLO,MLO,MLO
MLO,MLO,MLO
MLO,MLO,MLO
MLO,MLO,MLO
MLO,MLO,MLO
MLO,LLO,MLO
MLO,MLO,MLO
MLO,MLO,MLO
MLO,MLO,MLO
MLO,MLO,MLO
MLO,MLO,MLO
MLO,MLO,MLO
MLO,MLO,MLO
MLO,MLO,MLO
MLO,MLO,MLO
MLO,MLO,LLO
MLO,MLO,MLO
MLO,MLO,MLO
MLO,MLO,MLO
MLO,MLO,MLO
MLO,MLO,MLO
MLO,MLO,MLO
MLO,MLO,MLO
MLO,MLO,MLO
MLO,MLO,MLO
MLO,MLO,MLO
MLO,MLO,MLO
MLO,MLO,MLO
MLO,MLO,MLO
MLO,MLO,MLO
MLO,MLO,MLO
MLO,MLO,MLO
MLO,MLO,MLO
MLO,MLO,MLO
MLO,MLO,MLO
MLO,MLO,MLO
MLO,MLO,MLO
MLO,MLO,MLO
MLO,MLO,MLO
MLO,MLO,MLO
MLO,MLO,MLO
MLO,MLO,MLO
MLO,MLO,MLO
MLO,MLO,MLO
MLO,MLO,UNC
MLO,MLO,MLO
MLO,MLO,MLO
MLO,MLO,MLO
MLO,MLO,LLO
MLO,MLO,MLO
MLO,MLO,MLO
MLO,MLO,MLO
MLO,MLO,MLO
MLO,MLO,MLO
MLO,UNC,UNC
MLO,MLO,MLO
MLO,MLO,MLO
MLO,MLO,MLO
MLO,MLO,MLO
MLO,MLO,MLO
MLO,MLO,MLO
MLO,MLO,MLO
MLO,MLO,MLO
MLO,MLO,MLO
MLO,MLO,MLO
MLO,MLO,UNC
MLO,MLO,MLO
MLO,MLO,MLO
MLO,MLO,MLO
MLO,MLO,MLO
MLO,MLO,MLO
MLO,MLO,MLO
MLO,MLO,MLO
MLO,MLO,MLO
MLO,MLO,MLO
MLO,MLO,MLO
MLO,MLO,MLO
MLO,MLO,MLO
MLO,MLO,MLO
MLO,MLO,MLO
MLO,MLO,MLO
MLO,MLO,MLO
MLO,MLO,MLO
MLO,MLO,MLO
MLO,MLO,MLO
MLO,MLO,MLO
MLO,MLO,MLO
MLO,MLO,MLO
MLO,MLO,MLO
MLO,MLO,MLO
MLO,MLO,MLO
MLO,MLO,MLO
MLO,MLO,MLO
MLO,LLO,LLO
MLO,MLO,MLO
MLO,MLO,MLO
MLO,MLO,MLO
MLO,MLO,MLO
MLO,MLO,MLO
MLO,MLO,MLO
MLO,MLO,MLO
MLO,MLO,MLO
MLO,MLO,MLO
MLO,MLO,MLO
MLO,MLO,MLO
MLO,MLO,MLO
MLO,MLO,MLO
MLO,MLO,MLO
MLO,MLO,MLO
MLO,MLO,MLO
MLO,MLO,MLO
MLO,LLO,UNC
MLO,MLO,MLO
MLO,MLO,MLO
MLO,MLO,MLO
MLO,MLO,MLO
MLO,MLO,MLO
MLO,UNC,UNC
MLO,MLO,UNC
MLO,MLO,MLO
MLO,MLO,MLO
MLO,MLO,MLO
MLO,MLO,MLO
MLO,MLO,MLO
MLO,MLO,MLO
MLO,MLO,MLO
MLO,MLO,MLO
MLO,MLO,MLO
MLO,MLO,MLO
MLO,MLO,MLO
MLO,MLO,MLO
MLO,MLO,MLO
MLO,MLO,MLO
MLO,MLO,MLO
MLO,MLO,MLO
MLO,MLO,MLO
MLO,MLO,MLO
MLO,MLO,MLO
MLO,MLO,MLO
MLO,MLO,MLO
MLO,MLO,MLO
MLO,MLO,MLO
MLO,MLO,MLO
MLO,MLO,UNC
MLO,MLO,MLO
MLO,MLO,MLO
MLO,MLO,MLO
MLO,MLO,MLO
MLO,MLO,MLO
MLO,MLO,MLO
MLO,MLO,MLO
MLO,MLO,MLO
MLO,MLO,MLO
MLO,MLO,MLO
MLO,MLO,MLO
MLO,MLO,MLO
MLO,MLO,MLO
MLO,MLO,MLO
MLO,MLO,MLO
MLO,MLO,MLO
MLO,MLO,MLO
MLO,LLO,MLO
MLO,MLO,MLO
MLO,MLO,MLO
MLO,MLO,MLO
MLO,MLO,MLO
MLO,MLO,MLO
MLO,MLO,MLO
MLO,MLO,MLO
LLO,LLO,LLO
LLO,LLO,LLO
LLO,LLO,LLO
LLO,LLO,LLO
LLO,MLO,LLO
LLO,UNC,LLO
LLO,LLO,LLO
LLO,LLO,LLO
LLO,LLO,LLO
LLO,MLO,MLO
LLO,LLO,LLO
LLO,LLO,UNC
LLO,LLO,LLO
LLO,UNC,LLO
LLO,UNC,LLO
LLO,LLO,UNC
LLO,LLO,LLO
LLO,LLO,LLO
LLO,LLO,LLO
LLO,LLO,MLO
LLO,LLO,MLO
LLO,LLO,LLO
LLO,MLO,MLO
LLO,LLO,UNC
LLO,LLO,LLO
LLO,LLO,LLO
LLO,LLO,LLO
LLO,LLO,LLO
LLO,LLO,LLO
LLO,LLO,LLO
LLO,UNC,UNC
LLO,LLO,UNC
LLO,LLO,LLO
LLO,LLO,LLO
LLO,LLO,LLO
LLO,LLO,MLO
LLO,MLO,MLO
LLO,UNC,UNC
LLO,LLO,LLO
LLO,LLO,MLO
LLO,LLO,LLO
LLO,LLO,LLO
LLO,LLO,LLO
LLO,LLO,MLO
LLO,LLO,LLO
LLO,LLO,UNC
LLO,LLO,LLO
LLO,LLO,LLO
LLO,UNC,UNC
LLO,LLO,LLO
LLO,UNC,UNC
LLO,LLO,LLO
LLO,LLO,LLO
LLO,LLO,LLO
LLO,LLO,LLO
LLO,LLO,LLO
LLO,LLO,LLO
LLO,LLO,LLO
LLO,LLO,LLO
LLO,UNC,UNC
LLO,LLO,LLO
LLO,LLO,LLO
LLO,LLO,LLO
LLO,MLO,MLO
LLO,LLO,LLO
LLO,LLO,LLO
LLO,LLO,LLO
LLO,LLO,UNC
LLO,LLO,LLO
LLO,LLO,LLO
LLO,LLO,LLO
LLO,LLO,LLO
LLO,LLO,LLO
LLO,LLO,LLO
LLO,LLO,LLO
LLO,LLO,LLO
LLO,LLO,UNC
LLO,LLO,LLO
LLO,LLO,LLO
LLO,LLO,LLO
LLO,LLO,LLO
LLO,LLO,LLO
LLO,LLO,LLO
LLO,LLO,LLO
LLO,LLO,UNC
LLO,LLO,LLO
LLO,MLO,UNC
LLO,LLO,LLO
LLO,LLO,LLO
LLO,LLO,LLO
LLO,LLO,LLO
LLO,LLO,LLO
LLO,LLO,LLO
LLO,LLO,UNC
LLO,LLO,LLO
LLO,LLO,LLO
LLO,LLO,LLO
LLO,LLO,LLO
LLO,LLO,LLO
LLO,LLO,LLO
LLO,LLO,LLO
LLO,LLO,LLO
LLO,LLO,LLO
LLO,LLO,LLO
LLO,LLO,UNC
LLO,LLO,UNC
LLO,LLO,LLO
LLO,LLO,LLO
LLO,LLO,LLO
LLO,LLO,UNC
LLO,LLO,LLO
LLO,LLO,LLO
LLO,LLO,LLO
LLO,LLO,LLO
LLO,LLO,UNC
LLO,LLO,UNC
LLO,LLO,LLO
LLO,LLO,MLO
LLO,LLO,LLO
LLO,LLO,LLO
LLO,LLO,LLO
LLO,LLO,LLO
LLO,LLO,LLO
LLO,LLO,LLO
LLO,LLO,LLO
LLO,LLO,UNC
LLO,LLO,LLO
LLO,LLO,UNC
LLO,LLO,LLO
LLO,LLO,LLO
LLO,LLO,LLO
LLO,LLO,LLO
LLO,LLO,MLO
LLO,LLO,LLO
LLO,LLO,LLO
LLO,LLO,LLO
LLO,LLO,LLO
LLO,LLO,LLO
LLO,LLO,LLO
LLO,LLO,LLO
LLO,LLO,LLO
LLO,LLO,LLO
LLO,LLO,LLO
LLO,LLO,LLO
LLO,LLO,UNC
LLO,LLO,LLO
LLO,LLO,LLO
LLO,LLO,LLO
LLO,LLO,LLO
LLO,LLO,LLO
LLO,LLO,LLO
LLO,LLO,LLO
LLO,LLO,LLO
LLO,LLO,LLO
LLO,LLO,LLO
LLO,LLO,LLO
LLO,LLO,LLO
LLO,LLO,LLO
LLO,LLO,LLO
LLO,LLO,LLO
LLO,LLO,LLO
LLO,LLO,LLO
LLO,LLO,UNC
LLO,LLO,LLO
LLO,LLO,LLO
LLO,LLO,LLO
LLO,LLO,LLO
LLO,LLO,LLO
LLO,LLO,LLO
LLO,LLO,LLO
LLO,LLO,LLO
LLO,LLO,LLO
LLO,LLO,LLO
LLO,LLO,LLO
LLO,LLO,LLO
LLO,LLO,UNC
LLO,LLO,MLO
LLO,LLO,LLO
LLO,LLO,LLO
LLO,LLO,LLO
LLO,LLO,LLO
LLO,LLO,LLO
LLO,MLO,LLO
LLO,LLO,MLO
LLO,LLO,LLO
LLO,LLO,LLO
LLO,MLO,MLO
LLO,LLO,LLO
LLO,LLO,LLO
LLO,LLO,LLO
LLO,LLO,LLO
LLO,LLO,UNC
LLO,LLO,LLO
LLO,LLO,LLO
LLO,LLO,LLO
LLO,LLO,LLO
LLO,LLO,MLO
LLO,LLO,LLO
LLO,LLO,LLO
LLO,LLO,LLO
LLO,LLO,LLO
LLO,LLO,LLO
LLO,LLO,LLO
LLO,UNC,UNC
LLO,LLO,LLO
LLO,LLO,LLO
LLO,UNC,LLO
LLO,LLO,LLO
LLO,LLO,LLO
LLO,LLO,LLO
LLO,LLO,LLO
LLO,LLO,LLO
LLO,LLO,LLO
LLO,LLO,LLO
LLO,LLO,LLO
LLO,LLO,LLO
LLO,LLO,LLO
LLO,LLO,MLO
LLO,LLO,LLO
LLO,LLO,LLO
LLO,LLO,UNC
LLO,LLO,LLO
LLO,LLO,LLO
LLO,LLO,LLO
LLO,LLO,LLO
LLO,LLO,LLO
LLO,LLO,LLO
LLO,LLO,MLO
LLO,LLO,LLO
LLO,LLO,LLO
LLO,UNC,UNC
LLO,LLO,LLO
LLO,LLO,UNC
LLO,LLO,LLO
LLO,LLO,LLO
LLO,LLO,MLO
LLO,LLO,LLO
LLO,LLO,LLO
LLO,LLO,LLO
LLO,LLO,LLO
LLO,LLO,LLO
LLO,LLO,UNC
LLO,LLO,LLO
LLO,LLO,LLO
LLO,LLO,LLO
LLO,LLO,LLO
LLO,LLO,LLO
LLO,LLO,LLO
LLO,LLO,LLO
LLO,LLO,LLO
LLO,LLO,LLO
LLO,LLO,LLO
LLO,LLO,LLO
LLO,LLO,UNC
LLO,LLO,LLO
LLO,UNC,UNC
LLO,LLO,LLO
LLO,LLO,LLO
LLO,LLO,LLO
LLO,LLO,LLO
LLO,LLO,LLO
LLO,LLO,LLO
LLO,LLO,LLO
LLO,LLO,MLO
LLO,LLO,LLO
LLO,LLO,LLO
LLO,LLO,LLO
LLO,LLO,LLO
LLO,LLO,LLO
LLO,LLO,LLO
LLO,LLO,LLO
LLO,LLO,LLO
LLO,LLO,LLO
LLO,MLO,LLO
LLO,LLO,LLO
LLO,LLO,UNC
LLO,LLO,UNC
LLO,LLO,LLO
LLO,LLO,UNC
LLO,LLO,LLO
LLO,LLO,UNC
LLO,LLO,LLO
LLO,MLO,MLO
LLO,LLO,LLO
LLO,LLO,LLO
LLO,LLO,LLO
LLO,LLO,LLO
LLO,LLO,LLO
LLO,LLO,LLO
LLO,LLO,UNC
LLO,LLO,MLO
LLO,LLO,LLO
LLO,LLO,LLO
LLO,LLO,LLO
LLO,LLO,LLO
LLO,LLO,LLO
LLO,LLO,LLO
LLO,LLO,MLO
LLO,LLO,LLO
LLO,LLO,LLO
LLO,LLO,LLO
LLO,MLO,MLO
LLO,LLO,UNC
LLO,LLO,LLO
LLO,LLO,LLO
LLO,LLO,LLO
LLO,LLO,LLO
LLO,LLO,LLO
LLO,LLO,LLO
LLO,LLO,LLO
LLO,LLO,LLO
LLO,LLO,LLO
LLO,LLO,LLO
LLO,LLO,LLO
LLO,LLO,MLO
LLO,LLO,LLO
LLO,LLO,LLO
LLO,LLO,LLO
LLO,LLO,UNC
LLO,LLO,LLO
LLO,LLO,LLO
LLO,LLO,UNC
LLO,LLO,LLO
LLO,LLO,LLO
LLO,LLO,MLO
LLO,LLO,LLO
LLO,LLO,LLO
LLO,LLO,LLO
LLO,LLO,LLO
LLO,LLO,LLO
LLO,LLO,LLO
LLO,LLO,LLO
LLO,LLO,LLO
LLO,LLO,LLO
LLO,LLO,LLO
LLO,LLO,LLO
LLO,LLO,LLO
LLO,LLO,LLO
LLO,LLO,LLO
LLO,LLO,LLO
LLO,LLO,MLO
LLO,LLO,LLO
LLO,LLO,LLO
LLO,LLO,LLO
LLO,LLO,LLO
LLO,LLO,LLO
LLO,LLO,LLO
LLO,LLO,LLO
LLO,LLO,LLO
LLO,LLO,LLO
LLO,LLO,LLO
LLO,LLO,LLO
LLO,LLO,LLO
LLO,LLO,LLO
LLO,LLO,LLO
LLO,LLO,UNC
LLO,LLO,LLO
LLO,LLO,LLO
LLO,LLO,LLO
LLO,LLO,LLO
LLO,LLO,UNC
LLO,LLO,MLO
LLO,LLO,LLO
LLO,LLO,LLO
LLO,LLO,LLO
LLO,LLO,LLO
LLO,LLO,LLO
LLO,LLO,LLO
LLO,LLO,LLO
LLO,LLO,LLO
LLO,LLO,LLO
LLO,LLO,LLO
LLO,LLO,LLO
LLO,LLO,LLO
LLO,LLO,LLO
LLO,LLO,LLO
LLO,LLO,LLO
LLO,LLO,LLO
LLO,LLO,LLO
LLO,LLO,UNC
LLO,LLO,LLO
LLO,LLO,LLO
LLO,LLO,LLO
LLO,LLO,LLO
LLO,LLO,UNC
LLO,LLO,LLO
LLO,LLO,LLO
LLO,LLO,LLO
LLO,LLO,UNC
LLO,LLO,MLO
LLO,LLO,LLO
LLO,LLO,LLO
LLO,LLO,LLO
LLO,UNC,LLO
LLO,MLO,MLO
LLO,LLO,LLO
LLO,LLO,LLO
LLO,LLO,LLO
LLO,LLO,LLO
LLO,MLO,LLO
LLO,LLO,LLO
LLO,UNC,UNC
LLO,LLO,LLO
LLO,LLO,UNC
LLO,LLO,LLO
LLO,LLO,LLO
LLO,LLO,LLO
LLO,LLO,LLO
LLO,LLO,LLO
LLO,LLO,LLO
LLO,LLO,MLO
LLO,UNC,LLO
LLO,LLO,LLO
LLO,LLO,LLO
LLO,LLO,LLO
LLO,LLO,LLO
LLO,LLO,UNC
LLO,LLO,LLO
LLO,LLO,LLO
LLO,MLO,LLO
LLO,LLO,LLO
LLO,LLO,LLO
LLO,LLO,LLO
LLO,LLO,LLO
LLO,LLO,LLO
LLO,LLO,LLO
LLO,LLO,LLO
LLO,LLO,LLO
LLO,LLO,UNC
LLO,LLO,LLO
LLO,LLO,LLO
LLO,MLO,MLO
LLO,LLO,LLO
LLO,LLO,UNC
LLO,LLO,LLO
LLO,LLO,MLO
LLO,LLO,MLO
LLO,LLO,LLO
LLO,LLO,LLO
LLO,LLO,LLO
LLO,LLO,LLO
LLO,LLO,UNC
LLO,LLO,LLO
LLO,LLO,LLO
LLO,LLO,LLO
LLO,LLO,UNC
LLO,LLO,LLO
LLO,LLO,LLO
LLO,LLO,LLO
LLO,LLO,LLO
LLO,LLO,LLO
LLO,LLO,LLO
LLO,LLO,LLO
LLO,LLO,MLO
LLO,LLO,UNC
LLO,LLO,LLO
LLO,LLO,UNC
LLO,LLO,LLO
LLO,LLO,UNC
LLO,LLO,LLO
LLO,LLO,LLO
LLO,LLO,LLO
LLO,LLO,LLO
LLO,LLO,LLO
LLO,LLO,LLO
LLO,LLO,MLO
LLO,LLO,LLO
LLO,LLO,LLO
LLO,LLO,LLO
LLO,LLO,LLO
LLO,LLO,LLO
LLO,LLO,LLO
LLO,LLO,LLO
LLO,LLO,LLO
LLO,LLO,LLO
LLO,LLO,LLO
LLO,LLO,LLO
LLO,LLO,LLO
LLO,LLO,UNC
LLO,LLO,LLO
LLO,LLO,LLO
LLO,LLO,LLO
LLO,LLO,LLO
LLO,LLO,LLO
LLO,LLO,LLO
LLO,LLO,LLO
LLO,LLO,LLO
LLO,LLO,LLO
LLO,LLO,LLO
LLO,LLO,LLO
LLO,LLO,LLO
LLO,MLO,UNC
LLO,LLO,LLO
LLO,LLO,LLO
LLO,LLO,LLO
LLO,LLO,LLO
LLO,MLO,LLO
LLO,LLO,LLO
LLO,LLO,LLO
LLO,UNC,LLO
LLO,LLO,LLO
LLO,MLO,LLO
LLO,LLO,LLO
LLO,LLO,LLO
LLO,LLO,LLO
LLO,LLO,LLO
LLO,LLO,LLO
LLO,LLO,MLO
LLO,LLO,LLO
LLO,UNC,LLO
LLO,LLO,MLO
LLO,LLO,LLO
LLO,LLO,LLO
LLO,LLO,LLO
LLO,LLO,LLO
LLO,LLO,UNC
LLO,LLO,LLO
LLO,LLO,LLO
LLO,LLO,LLO
LLO,LLO,LLO
LLO,LLO,LLO
LLO,MLO,LLO
LLO,LLO,UNC
LLO,MLO,LLO
LLO,LLO,LLO
LLO,LLO,LLO
LLO,UNC,UNC
LLO,LLO,MLO
LLO,LLO,LLO
LLO,LLO,MLO
LLO,LLO,LLO
LLO,LLO,LLO
LLO,LLO,LLO
LLO,LLO,LLO
LLO,LLO,LLO
LLO,LLO,LLO
LLO,LLO,LLO
LLO,LLO,LLO
LLO,LLO,LLO
LLO,MLO,MLO
LLO,LLO,LLO
LLO,LLO,LLO
LLO,LLO,LLO
LLO,LLO,LLO
LLO,LLO,LLO
LLO,LLO,UNC
LLO,LLO,LLO
LLO,LLO,UNC
LLO,LLO,LLO
LLO,LLO,LLO
LLO,LLO,UNC
LLO,LLO,UNC
LLO,LLO,LLO
LLO,LLO,LLO
LLO,LLO,UNC
LLO,LLO,LLO
LLO,LLO,LLO
LLO,LLO,UNC
LLO,LLO,LLO
LLO,LLO,LLO
LLO,LLO,MLO
LLO,LLO,LLO
LLO,LLO,LLO
LLO,LLO,UNC
LLO,LLO,LLO
LLO,LLO,LLO
LLO,LLO,LLO
LLO,LLO,LLO
LLO,LLO,LLO
LLO,LLO,LLO
LLO,LLO,LLO
LLO,LLO,LLO
LLO,LLO,UNC
LLO,LLO,LLO
LLO,LLO,LLO
LLO,LLO,LLO
LLO,LLO,MLO
LLO,LLO,LLO
LLO,LLO,LLO
LLO,LLO,LLO
LLO,MLO,UNC
LLO,LLO,LLO
LLO,LLO,LLO
LLO,LLO,LLO
LLO,LLO,LLO
LLO,LLO,UNC
LLO,LLO,LLO
LLO,LLO,LLO
LLO,LLO,LLO
LLO,LLO,LLO
LLO,LLO,LLO
LLO,LLO,LLO
LLO,LLO,LLO
LLO,LLO,LLO
LLO,LLO,LLO
LLO,LLO,LLO
LLO,LLO,UNC
LLO,LLO,UNC
LLO,LLO,LLO
LLO,MLO,MLO
LLO,LLO,LLO
LLO,LLO,LLO
LLO,LLO,LLO
LLO,LLO,LLO
LLO,LLO,LLO
LLO,LLO,LLO
LLO,LLO,LLO
LLO,LLO,UNC
LLO,LLO,LLO
LLO,LLO,LLO
LLO,LLO,LLO
LLO,LLO,LLO
LLO,LLO,LLO
LLO,LLO,LLO
LLO,LLO,LLO
LLO,LLO,UNC
LLO,MLO,LLO
LLO,LLO,LLO
LLO,LLO,LLO
LLO,LLO,LLO
LLO,LLO,LLO
LLO,LLO,LLO
LLO,LLO,LLO
LLO,MLO,MLO
LLO,LLO,LLO
LLO,LLO,LLO
LLO,LLO,LLO
LLO,LLO,UNC
LLO,LLO,LLO
LLO,LLO,LLO
LLO,LLO,LLO
LLO,LLO,LLO
LLO,LLO,LLO
LLO,LLO,UNC
LLO,LLO,LLO
LLO,LLO,LLO
LLO,LLO,LLO
LLO,LLO,LLO
LLO,LLO,LLO
LLO,LLO,LLO
LLO,LLO,MLO
LLO,LLO,LLO
LLO,LLO,LLO
LLO,LLO,LLO
LLO,LLO,LLO
LLO,LLO,MLO
LLO,LLO,LLO
LLO,LLO,LLO
LLO,UNC,MLO
LLO,LLO,LLO
LLO,LLO,LLO
LLO,LLO,LLO
LLO,LLO,UNC
LLO,LLO,LLO
LLO,LLO,LLO
LLO,LLO,LLO
LLO,LLO,LLO
LLO,MLO,LLO
LLO,LLO,UNC
LLO,LLO,UNC
LLO,LLO,LLO
LLO,LLO,LLO
LLO,LLO,LLO
LLO,LLO,LLO
LLO,LLO,LLO
LLO,LLO,MLO
LLO,LLO,LLO
LLO,LLO,LLO
LLO,LLO,UNC
LLO,LLO,LLO
LLO,LLO,LLO
LLO,LLO,LLO
LLO,LLO,UNC
LLO,LLO,LLO
LLO,MLO,MLO
LLO,LLO,LLO
LLO,LLO,LLO
LLO,LLO,MLO
LLO,LLO,LLO
LLO,LLO,LLO
LLO,LLO,MLO
LLO,LLO,LLO
LLO,LLO,MLO
LLO,LLO,LLO
LLO,LLO,LLO
LLO,LLO,LLO
LLO,LLO,LLO
LLO,LLO,LLO
LLO,LLO,LLO
LLO,LLO,UNC
LLO,LLO,LLO
LLO,LLO,LLO
LLO,LLO,LLO
LLO,LLO,LLO
LLO,LLO,LLO
LLO,LLO,LLO
LLO,LLO,LLO
LLO,LLO,LLO
LLO,LLO,LLO
LLO,LLO,LLO
LLO,LLO,LLO
LLO,LLO,LLO
LLO,LLO,LLO
LLO,LLO,LLO
LLO,LLO,LLO
KSC,KSC,KSC
KSC,UNC,UNC
KSC,UNC,UNC
KSC,UNC,KSC
